商品1,31,fy_2020001,admin
商品2,50,fy_20205601,admin
商品3,66,fy_20205601,admin
商品4,56,fy_20205601,admin
商品5,67,fy_202065130789,admin
商品6,67,fy_202065130789,admin
商品7,67,fy_202065130789,admin
商品8,67,fy_202065130789,admin
商品9,67,fy_202065130789,admin
商品10,66,fy_20205601,admin
商品11,66,fy_20205601,admin
商品12,31,fy_2020001,admin
商品13,50,fy_20205601,admin
商品14,66,fy_20205601,admin
商品15,66,fy_20205601,admin
商品16,66,fy_20205601,admin
商品17,66,fy_20205601,admin
商品18,66,fy_20205601,admin
商品19,56,fy_2020001,admin
商品20,56,fy_202065130789,admin
商品21,56,fy_202065130789,admin
商品22,56,fy_202065130789,admin
商品23,56,fy_202065130789,admin
商品24,56,fy_202065130789,admin
商品25,56,fy_202065130789,admin
商品26,56,fy_202065130789,admin
商品27,56,fy_202065130789,admin
商品28,56,fy_202065130789,admin
商品29,56,fy_202065130789,admin
商品30,56,fy_202065130789,admin
商品31,56,fy_202065130789,admin
商品32,50,fy_20205601,admin
商品33,66,fy_20205601,admin
商品34,56,fy_20205601,admin
商品35,67,fy_202065130789,admin
商品36,67,fy_202065130789,admin
商品37,67,fy_202065130789,admin
商品38,67,fy_202065130789,admin
商品39,67,fy_202065130789,admin
商品40,56,fy_202065130789,admin
商品41,56,fy_202065130789,admin
商品42,56,fy_202065130789,admin
商品43,56,fy_202065130789,admin
商品44,56,fy_202065130789,admin
商品45,56,fy_202065130789,admin
商品46,56,fy_202065130789,admin
商品47,56,fy_202065130789,admin
商品48,56,fy_202065130789,admin
商品49,56,fy_202065130789,admin
商品50,56,fy_202065130789,admin
商品51,66,fy_20205601,admin
商品52,31,fy_2020001,admin
商品53,50,fy_20205601,admin
商品54,66,fy_20205601,admin
商品55,66,fy_20205601,admin
商品56,66,fy_20205601,admin
商品57,66,fy_20205601,admin
商品58,66,fy_20205601,admin
商品59,56,fy_2020001,admin
商品60,56,fy_202065130789,admin
